Employee ID,First Name,Last Name,Department ID,Location ID,Job Title ID,Salary,Hire Date,Performance Criteria
1,Anne,Norton,2,2,4,86036,01-10-1991,23
2,Derrick,Santiago,2,1,5,85089,17-02-1980,49
3,Robert,Erickson,3,3,1,68149,27-10-1967,88
4,Kathleen,Smith,3,1,2,53456,13-03-1976,65
5,Carol,Kelly,1,4,4,79865,25-04-1996,29
6,Carlos,Carter,2,3,2,85442,20-08-1968,93
7,Joseph,Bowen,1,2,1,72574,09-06-1975,79
8,Nathan,Lloyd,3,4,3,41097,21-12-1967,20
9,Joshua,Carr,3,1,2,74521,04-02-1988,82
10,Aaron,Hinton,4,1,5,58664,20-10-1977,88
11,Alex,Hayes,2,2,4,58728,05-06-1980,52
12,Diana,Anderson,4,4,4,68424,01-01-1980,67
13,Jonathan,Foster,3,3,3,62458,21-11-1962,27
14,Danielle,Kent,3,4,5,81197,12-03-1989,80
15,Christina,Calderon,4,1,3,40511,07-01-1965,45
16,Donald,Torres,1,4,1,57879,26-01-1961,59
17,Curtis,Smith,2,4,5,72917,15-08-1972,19
18,Marcus,Rosales,4,1,2,70929,22-08-1999,83
19,Chelsea,Wong,3,2,3,73793,24-04-1967,51
20,Diane,Gonzalez,2,4,3,43004,08-08-1962,81
21,Jennifer,Gibson,1,4,3,80265,08-02-1984,96
22,Angela,Thompson,1,2,4,79590,04-11-1966,48
23,Christopher,Cortez,2,4,1,86057,15-03-1988,68
24,Savannah,Morales,3,4,5,61558,22-07-1963,23
25,Christina,Lopez,1,3,3,42395,11-08-1994,49
26,Rebecca,Williams,4,3,5,81462,18-04-1965,86
27,Michael,Hill,4,1,4,53343,29-03-1992,69
28,Richard,Allison,3,2,5,43966,09-05-1965,92
29,Robin,Mitchell,3,4,1,80887,25-05-1991,53
30,Stephen,Hunter,2,3,4,86213,13-01-1963,30
31,Adrienne,Foster,3,1,5,70964,10-08-1990,28
32,Tara,Newman,2,4,1,59766,04-09-1982,22
33,James,Alvarez,3,2,2,64549,04-10-1985,96
34,Rhonda,Randolph,3,3,4,47025,25-10-1971,31
35,George,Thomas,1,4,1,41480,12-09-1974,15
36,Jacqueline,Townsend,1,1,5,78405,22-03-1967,71
37,Amy,Raymond,1,3,2,84248,20-08-2001,19
38,Jessica,Munoz,1,4,1,58042,07-01-1996,52
39,Brian,Hall,4,3,5,53782,06-09-1982,80
40,Daniel,Clark,3,2,5,74408,31-01-1966,50
41,Kimberly,Mason,2,3,1,44698,03-10-1987,47
42,Sherri,Greene,1,1,3,85206,25-03-1962,37
43,Daisy,Rivers,3,3,5,64494,11-03-1998,54
44,Robert,Nguyen,2,1,3,77092,14-06-1963,76
45,Frank,Robinson,3,4,5,85055,23-12-1986,81
46,Brenda,Juarez,1,1,4,43443,05-02-1994,95
47,Scott,Davis,4,1,4,80822,05-04-1981,69
48,Jared,Lindsey,4,3,2,80837,27-09-1967,97
49,Jennifer,Berry,1,4,5,82907,16-03-1998,87
50,Regina,Compton,4,1,5,49363,27-06-2001,77
51,Joseph,Wright,2,3,4,67606,19-11-1994,46
52,Nicholas,Adams,2,1,4,45797,22-08-1987,94
53,Arthur,Ballard,3,1,1,54753,15-02-1985,29
54,Misty,Cain,3,4,1,76423,19-08-1990,16
55,Kathy,Thompson,2,4,1,56194,01-04-1994,58
56,Brian,Cochran,2,3,2,58360,18-01-1989,92
57,Sarah,Fisher,3,1,1,76530,12-10-1994,74
58,Karen,Rogers,2,2,5,82148,25-01-1991,82
59,Joseph,Jenkins,4,2,4,70843,26-12-1991,49
60,Heather,Lyons,3,1,2,52224,05-05-1974,95
61,Norma,Smith,2,1,3,54827,06-06-1997,39
62,Keith,Savage,2,4,1,70589,15-07-1981,62
63,Rebecca,Kim,2,2,4,53147,17-08-1973,56
64,Nicole,Lucas,2,4,4,65281,17-10-1971,95
65,Jacqueline,Vance,1,3,2,72500,04-11-1974,59
66,Ricardo,Chan,1,1,3,64262,12-09-1962,90
67,Christopher,Jackson,4,4,5,46309,06-07-1995,24
68,Charles,Singh,4,4,5,87346,20-08-1983,19
69,Ronald,Sandoval,3,3,4,73374,12-02-1991,33
70,Bobby,Thompson,3,4,2,50347,02-12-1962,50
71,Erik,Green,2,2,5,86383,30-09-1995,86
72,Matthew,Vega,1,4,2,82168,07-03-1986,37
73,Justin,Foster,4,2,2,40595,12-07-1989,63
74,Lori,Young,1,2,1,49230,28-09-1999,64
75,Alicia,Gonzales,4,2,3,82358,28-10-1994,85
76,Luis,Lewis,4,4,1,84584,20-11-1973,84
77,Lisa,White,4,3,1,49654,05-02-1962,75
78,Matthew,Ramos,1,2,1,85397,05-04-1990,11
79,Thomas,Sullivan,4,3,2,56886,11-11-1961,70
80,Jason,Jones,2,4,5,69181,05-06-1973,97
81,Brandon,Meyers,2,4,3,47134,24-06-1966,47
82,Lawrence,Arnold,4,4,3,80759,07-07-1967,22
83,Brent,Rasmussen,2,3,4,83589,27-04-1993,96
84,Cheryl,Gonzalez,3,4,5,86294,27-10-1997,43
85,Aaron,Thompson,2,3,2,42574,29-01-2000,53
86,Manuel,Robinson,4,2,4,68560,28-06-2000,49
87,Francisco,Walters,1,4,1,75714,09-08-1962,46
88,Shelly,Mclaughlin,4,1,2,63532,14-07-1973,28
89,Hannah,Willis,1,3,1,85534,12-12-1970,62
90,Joanna,Mcconnell,3,2,2,76873,08-02-1989,91
91,Michael,Hayes,1,1,1,62851,16-04-1977,79
92,Jacqueline,Simpson,3,3,5,48370,08-02-1986,95
93,Sharon,Johnson,4,2,2,87846,07-11-1980,49
94,Monica,Taylor,4,4,1,63651,02-01-2000,53
95,Sharon,Harris,3,3,5,70315,03-10-1972,98
96,Holly,Fisher,4,1,1,63481,22-03-1991,70
97,Jeffrey,Pearson,2,4,2,88257,21-10-1978,47
98,Jennifer,Singh,1,1,1,40610,06-06-1982,99
99,Christopher,Cook,2,4,4,53419,07-08-1996,81
100,Dana,Blake,3,2,2,71054,24-11-1995,42
101,Elizabeth,King,1,2,1,46407,01-01-2001,72
102,Tracey,Williams,4,1,2,81969,07-11-1964,63
103,David,Stevens,1,1,1,52423,08-02-1999,83
104,Cheryl,Hill,1,3,5,81948,16-11-1993,14
105,Brittany,Black,3,1,3,42944,26-10-1977,73
106,Tiffany,Mcbride,4,1,3,41620,25-10-1990,70
107,Douglas,Lamb,2,3,5,79429,07-04-1961,56
108,John,Peterson,4,4,5,88920,27-09-2001,10
109,Diana,Maldonado,2,4,2,43022,25-10-2000,19
110,Kathryn,Clark,3,4,3,86299,20-10-1964,15
111,Alexander,Moore,4,2,4,47792,23-09-1982,41
112,Tyler,Richmond,4,2,2,61366,27-01-1978,40
113,Samuel,Underwood,4,1,1,42517,15-10-1971,90
114,Daniel,Bolton,1,4,5,57120,19-06-1969,96
115,Crystal,Brown,3,4,4,86324,25-03-1968,96
116,Bradley,Jackson,4,2,1,67721,29-10-1960,93
117,Matthew,Alvarez,1,2,1,73325,03-06-1974,56
118,Madison,Wilcox,1,3,1,57243,31-10-1992,100
119,Tracy,Liu,3,2,3,81926,29-05-1969,18
120,Gina,Wagner,3,3,2,59518,05-09-1967,25
121,Carolyn,Kirby,4,4,3,58902,31-08-1964,16
122,Trevor,Russo,1,3,3,77296,02-11-1973,44
123,Cassidy,Orozco,3,4,4,87984,24-03-1979,13
124,Jonathan,Daniel,2,2,1,77641,05-07-1984,27
125,Courtney,Daniel,2,2,3,70131,11-10-1984,67
126,Ryan,Barker,2,1,2,40231,12-11-1997,38
127,Lindsay,Gamble,1,1,3,74229,06-01-1981,89
128,Anthony,Rogers,3,2,1,88224,10-11-1971,99
129,Raymond,Moore,3,3,5,79764,04-07-1987,68
130,Samantha,Neal,3,2,2,68184,17-10-1963,59
131,Cindy,Wiggins,4,4,4,76166,18-02-1986,45
132,Sarah,Lozano,3,1,3,57856,27-06-1984,34
133,Justin,Rios,2,2,2,41760,16-09-1966,86
134,Carolyn,Mcdonald,1,4,2,48763,25-12-1986,56
135,Vincent,Roberts,2,3,3,86990,29-11-1961,40
136,Tammy,Wiley,3,2,1,61448,24-01-1961,35
137,Jenna,Glover,2,4,5,65747,12-08-1975,36
138,Kathryn,Lawson,3,4,4,87603,12-11-1961,64
139,Roger,Nelson,4,2,4,55573,09-03-1990,30
140,Joshua,Schmidt,3,4,5,87997,24-08-1980,89
141,Sarah,Bell,4,3,1,63297,14-01-2000,57
142,Shannon,Allen,3,4,5,82146,29-10-1972,86
143,Tommy,Jackson,1,4,5,42769,11-01-1978,57
144,Gabriel,Rodriguez,4,2,1,45439,26-09-1999,98
145,Anthony,Terry,4,1,3,66058,02-03-2000,83
146,Jacob,Jones,3,1,3,61287,09-08-1972,50
147,Mary,Gutierrez,1,1,5,47825,01-02-1961,51
148,Dwayne,Anderson,1,4,1,50326,15-01-1995,43
149,Matthew,Hardy,1,4,4,78526,13-12-1971,14
150,Susan,Evans,2,1,3,58309,07-11-1995,47
151,Jeffrey,Douglas,2,3,1,65263,27-04-1964,29
152,Christian,Johnson,3,2,1,45356,02-06-1973,95
153,Jorge,Young,2,4,3,78563,14-08-1963,53
154,Rachel,Foster,2,4,1,88546,30-08-1983,100
155,Miranda,Stevens,1,2,4,53266,09-04-1989,14
156,Amber,Taylor,2,2,1,40082,24-07-1973,89
157,Jonathan,Mora,4,1,2,44856,27-10-1990,37
158,Christine,Roberts,3,1,2,69260,09-01-1974,99
159,Amy,Garcia,4,2,5,42160,24-06-1982,70
160,James,Nguyen,3,2,4,82464,29-05-1986,81
161,Haley,Fisher,1,1,5,59382,28-05-1991,91
162,Michael,Bonilla,1,2,4,73293,06-05-1977,84
163,Gary,Mccoy,1,2,4,58734,01-07-2000,100
164,Mark,Erickson,2,3,1,65783,02-03-1961,52
165,Jacob,Andrews,2,2,3,80577,11-08-1978,96
166,Garrett,Butler,4,4,2,60578,01-10-1967,61
167,Nancy,Gomez,4,3,3,48255,03-12-1976,20
168,Janice,Scott,1,2,5,77162,14-08-1989,33
169,Rebecca,Meyers,1,3,4,68138,28-02-1985,64
170,Roger,Luna,2,3,3,65807,24-01-1983,80
171,Erika,Perkins,2,4,4,61772,04-02-1961,65
172,George,Summers,1,1,4,77333,15-10-1968,36
173,Douglas,Williams,2,2,5,71128,19-12-1972,50
174,Elizabeth,Orozco,1,2,5,68813,31-03-1970,74
175,Jo,Cook,3,4,5,65562,08-07-1974,77
176,David,Turner,2,3,5,52494,11-05-1990,67
177,Corey,Bentley,1,4,3,56657,13-04-1983,63
178,Patricia,Obrien,4,4,1,89962,05-01-1966,69
179,Jacqueline,James,3,2,1,48965,14-11-1972,22
180,David,Thomas,3,4,1,87385,20-04-1990,53
181,Isaiah,Bryant,1,4,3,74919,14-08-1980,47
182,Joseph,Hall,3,3,1,82354,21-01-1993,26
183,Jody,Thompson,1,4,1,88458,17-06-1983,29
184,Timothy,Singh,1,4,5,50012,09-07-1977,20
185,Michele,Chan,4,2,3,55211,23-02-1977,34
186,Dustin,Baker,2,1,1,88998,02-01-1987,75
187,Donna,Roberts,3,2,3,56130,15-10-1977,46
188,Daniel,Kirk,4,2,1,62410,01-02-1983,62
189,Phyllis,Carlson,2,3,2,69897,02-03-1989,21
190,Arthur,Reyes,3,1,5,43331,09-01-1989,42
191,Benjamin,Powell,3,4,3,64997,05-11-1980,59
192,Kayla,French,2,4,4,54207,07-02-1964,99
193,Anna,Baker,3,3,5,60691,30-04-1977,99
194,Brenda,Owens,2,3,1,53720,19-11-1971,72
195,Stephen,Mcguire,4,1,2,55155,04-02-1962,69
196,Justin,Perry,1,4,3,57510,26-10-1966,37
197,Roger,Martin,4,2,3,83783,06-09-2001,51
198,Debra,Bailey,4,3,3,74235,30-03-1999,29
199,Jose,Bond,2,2,4,54621,12-07-1983,85
200,Michael,Bradley,4,1,5,73753,12-04-2000,43
201,Michael,Cherry,1,1,2,75357,19-06-1980,62
202,Brandon,Wright,4,2,4,74674,27-04-1992,35
203,Richard,Williams,1,3,1,41271,04-01-1974,57
204,Margaret,Johnson,3,2,1,80671,14-02-1981,76
205,James,Hicks,4,2,1,52327,25-12-1960,13
206,Jeffrey,Cohen,1,1,5,86873,02-05-1962,13
207,Robert,Barnes,1,2,5,70216,18-02-1992,72
208,Rachel,Tucker,3,4,5,78061,02-07-1965,60
209,Robert,Lawrence,3,2,1,72840,26-02-1996,46
210,Andrew,Brown,2,2,2,46336,03-10-1968,100
211,Matthew,Cox,1,3,5,83573,20-12-1987,59
212,Julie,Rosario,3,4,3,46732,23-02-1978,51
213,Robin,Hernandez,1,4,4,60386,26-04-1973,100
214,Antonio,Cross,2,4,1,50470,30-05-1993,86
215,Aaron,Lawson,4,2,5,61634,12-02-1965,63
216,Patty,Young,4,4,4,49055,24-11-1982,97
217,Michelle,West,3,2,2,62196,04-08-1962,20
218,Scott,Duncan,2,2,1,53807,31-08-1995,21
219,Kenneth,Ortega,2,2,3,64186,29-09-1982,55
220,Jennifer,Knight,1,3,1,67686,28-08-1971,63
221,Jose,Vincent,1,1,3,82629,09-12-1971,77
222,Joseph,Burgess,1,2,1,60893,05-04-1990,47
223,Marvin,Reed,3,1,3,60137,07-03-1964,69
224,Andrew,Taylor,2,3,5,71537,15-11-1975,71
225,Kimberly,Stokes,4,3,2,48313,24-12-1985,20
226,Brian,Myers,3,4,5,44416,26-05-1979,29
227,Philip,Mcdowell,2,1,1,64469,12-06-1993,51
228,Kevin,Rodgers,2,2,2,64239,22-08-1988,74
229,Benjamin,Martin,2,1,5,85391,25-07-1975,35
230,Victoria,Herrera,3,3,4,46719,12-05-1983,50
231,Desiree,Gibson,2,2,1,85184,04-01-1979,78
232,Johnny,Jackson,3,2,5,53870,09-07-1980,53
233,Thomas,Jones,3,2,2,46361,03-02-1979,31
234,Kenneth,Yates,3,4,2,43384,21-04-1971,53
235,William,York,3,3,4,43959,15-02-1971,81
236,Linda,Murphy,4,4,4,74274,08-10-1994,16
237,Jill,Gonzalez,4,3,1,80565,09-01-1968,54
238,Lauren,Rosario,2,4,2,42309,10-04-1970,61
239,Luis,Hubbard,4,1,5,53725,07-04-1977,89
240,John,Morgan,3,2,5,82887,14-03-1988,80
241,Taylor,Perez,4,3,1,69771,11-08-1971,20
242,Margaret,Keller,1,2,5,56919,29-12-1968,91
243,Evan,Khan,4,4,1,57716,05-10-1967,14
244,Sandy,Odom,4,3,1,87499,10-09-1994,29
245,Elizabeth,Butler,2,1,4,47567,20-07-1999,90
246,Amy,Gonzalez,1,3,3,80162,02-06-1964,95
247,Larry,Stone,4,1,3,59820,01-04-1982,95
248,Noah,Martin,1,2,3,50090,18-09-1994,46
249,Jenna,Summers,4,1,3,71490,16-04-1977,19
250,Mia,Fitzpatrick,1,3,2,85382,17-09-1997,61
251,Mary,Ward,2,1,1,45842,31-08-1991,78
252,Sara,Carpenter,3,3,1,49741,23-02-1976,23
253,Christopher,Harris,1,2,4,78851,28-05-1972,34
254,Heather,Thomas,4,4,3,55878,14-03-2000,59
255,Kristin,Rodriguez,2,2,1,85449,08-09-1962,72
256,Pamela,Cameron,2,3,2,42100,29-10-1993,45
257,Charles,Lopez,4,1,2,41454,25-01-1999,65
258,Melody,Perez,3,4,1,53727,18-11-1997,29
259,Andrew,Weber,4,4,3,43003,01-01-1980,10
260,Rachel,Green,4,2,1,69693,04-01-1977,62
261,Robin,Burns,1,3,5,43400,01-01-1971,90
262,Jake,Huerta,1,3,2,86796,07-08-1973,65
263,Tracy,Rodgers,1,3,1,88312,06-02-1967,36
264,James,Allen,2,4,1,65178,11-03-1984,44
265,Jason,Cox,1,3,2,80966,21-10-1963,94
266,Brittany,Green,2,3,1,50113,27-11-1960,50
267,Chase,Watts,1,1,2,68063,27-04-1983,33
268,Lauren,Ward,2,3,5,58223,23-12-1983,30
269,Vanessa,Martin,1,4,5,89601,20-05-1963,20
270,Kristin,Allen,4,3,5,42000,06-02-1986,66
271,Elizabeth,Briggs,4,2,3,70066,18-05-1984,72
272,David,Davidson,1,1,2,45080,19-01-1972,32
273,Jessica,Brewer,1,3,3,88923,29-01-1980,42
274,Darren,Bennett,2,1,4,58846,06-01-1968,87
275,Elizabeth,Dunn,2,2,2,84431,27-01-1996,53
276,Mark,Fleming,3,1,4,81397,28-10-1980,65
277,Timothy,Wright,1,3,2,61901,24-10-1986,17
278,Emily,Lynch,3,4,4,57717,29-10-1993,12
279,Nicole,Erickson,2,2,3,42237,13-08-1999,35
280,Olivia,Watson,2,2,2,82891,17-05-1964,55
281,Ethan,Escobar,2,3,3,44353,20-09-1990,33
282,Taylor,Rodgers,2,2,5,40199,14-12-1974,26
283,Adrian,Neal,4,3,4,86742,28-05-2000,28
284,Tyler,Schaefer,1,4,3,61058,28-10-1968,16
285,Sherry,Schwartz,2,4,4,87173,20-03-1986,37
286,Joseph,Smith,1,3,1,87164,15-12-1992,82
287,Joshua,Olsen,1,3,5,49383,26-01-1989,21
288,Grant,Payne,1,3,1,47361,16-10-1997,55
289,John,Velez,1,3,4,48890,27-10-1987,63
290,Dennis,Sutton,1,1,1,42368,03-01-1980,64
291,Jenny,Mcdaniel,4,3,5,71179,30-04-1970,20
292,Matthew,Smith,4,4,1,48582,16-08-1991,20
293,Katherine,Velasquez,1,1,2,73383,21-11-1999,28
294,James,Floyd,3,1,1,57374,04-12-1969,10
295,Teresa,Sullivan,3,1,1,71073,22-07-1972,65
296,Joseph,Duffy,3,1,1,88714,12-12-1962,57
297,Cindy,Mills,3,4,5,79902,24-10-1986,55
298,Cheyenne,Chen,2,1,3,78118,03-11-1991,24
299,Linda,Wood,4,2,2,44997,19-08-1980,73
300,John,Bryant,3,3,2,85862,29-06-1985,49
301,Kathleen,Tran,2,3,4,56097,17-09-1986,59
302,Brent,Smith,4,1,3,65146,07-08-2000,68
303,Nicole,Morgan,4,3,3,71533,29-05-1999,100
304,Scott,Bennett,4,4,4,42900,04-07-1994,26
305,Thomas,Miller,3,4,4,81107,28-08-1995,13
306,Keith,Davidson,3,2,4,43747,22-05-1978,14
307,Cynthia,Pennington,1,4,4,50596,08-10-2001,37
308,Daniel,Martinez,4,4,4,79103,02-02-1964,36
309,Ashley,Perkins,1,3,5,49217,17-02-1964,26
310,George,Murphy,3,3,5,65030,05-05-1967,98
311,Michael,House,4,1,1,62616,05-04-1992,35
312,Breanna,Chambers,1,2,1,70652,10-09-1970,38
313,Courtney,Cantrell,4,2,2,51795,06-07-1981,98
314,Samuel,Hill,2,1,4,73228,01-09-1983,23
315,Anthony,Washington,3,1,4,44085,14-07-1993,81
316,Andrew,Jones,4,3,4,66234,11-06-1969,51
317,Stephen,Williams,3,2,2,80241,17-07-1973,14
318,Jessica,Hunt,1,2,5,74966,01-01-1997,69
319,Grace,Carter,2,2,1,58349,28-11-1988,96
320,Christina,Mitchell,2,1,5,54124,23-11-1961,24
321,Gregory,Schneider,4,3,3,51050,28-12-1984,53
322,Diane,Faulkner,2,3,5,75732,05-04-1981,82
323,Rebekah,Harris,3,2,4,76324,21-06-1984,26
324,Connie,Stevenson,2,4,5,78519,27-04-1978,18
325,Raven,Snyder,2,4,4,52397,08-02-1984,95
326,Zachary,Callahan,4,3,1,83192,31-07-1983,47
327,Katherine,Huynh,4,2,5,84806,15-10-1997,37
328,Joan,Mclaughlin,4,1,5,86298,20-08-1976,76
329,Dawn,Lopez,4,3,4,65571,22-10-1972,95
330,Richard,Conway,2,2,3,72371,18-08-1987,74
331,Michelle,Stone,3,1,5,65773,23-01-1991,50
332,Lauren,Torres,4,4,1,44796,25-09-1966,78
333,Tracy,Gordon,3,1,2,75708,29-12-1999,39
334,Christopher,Griffin,2,1,5,85833,21-01-1980,26
335,Emily,Young,3,1,1,56279,23-11-1977,64
336,Meghan,Green,1,3,4,84802,20-08-1990,38
337,Adriana,Mcfarland,1,3,4,47193,09-12-1973,69
338,Kyle,Barton,2,3,3,69300,07-07-1977,47
339,Michael,Hernandez,3,3,3,53905,07-04-1977,40
340,Michael,Hanna,3,4,2,79933,05-08-1977,59
341,Sharon,Taylor,2,4,5,63630,02-07-1980,66
342,Justin,Wells,4,3,3,62236,08-09-1967,24
343,Lauren,Mccullough,1,4,5,40776,16-09-2000,84
344,Tara,Glover,3,3,1,60670,28-11-1989,44
345,David,Mcgee,2,2,4,88694,23-05-1992,29
346,Tonya,Adams,3,1,1,82374,27-03-1994,44
347,Nicole,Holt,4,1,2,81539,27-01-1989,17
348,Diane,Baker,4,2,1,82732,08-03-1986,92
349,Meghan,Villegas,1,3,2,75601,30-09-1990,93
350,Christopher,Moss,4,1,2,72451,07-02-1982,71
351,Tony,Roth,3,2,4,89133,03-11-1972,93
352,Vincent,Simpson,3,1,3,68162,10-10-1986,30
353,Peggy,Keith,3,3,4,69769,08-01-2000,55
354,Heather,Hill,1,4,2,88431,19-12-1999,78
355,Julie,Turner,4,3,3,67124,30-06-1994,77
356,Joshua,Marks,3,3,1,42137,11-12-1987,29
357,Christina,Wagner,4,2,5,42202,09-10-1993,49
358,Shawn,Wood,2,3,4,76939,25-01-1975,49
359,Nathan,Spears,1,3,3,52402,11-09-1977,10
360,Amber,Carson,4,4,4,88905,11-11-1977,91
361,Derek,Graham,2,2,3,60759,04-05-1968,96
362,Vickie,Perez,4,4,5,42671,17-10-1961,100
363,Renee,Gray,1,4,4,57215,04-09-1974,74
364,Cindy,Shannon,3,2,3,53688,20-08-2001,94
365,Ellen,Jackson,1,2,3,64816,24-07-1979,92
366,Brenda,Porter,1,3,2,50891,12-02-1984,20
367,Isaac,Hernandez,4,1,4,88067,24-04-1982,68
368,Mark,Schmidt,3,2,2,58079,19-07-1990,79
369,Karen,Thomas,1,4,5,79669,29-04-1977,95
370,Stephanie,Williams,3,3,3,64070,12-03-1995,93
371,Robert,Franco,2,2,4,40701,16-09-1973,57
372,Courtney,Rodriguez,2,2,4,60501,20-08-1971,38
373,Michael,Anderson,2,3,3,55642,15-12-1985,29
374,Michael,Kelly,4,3,5,51747,30-10-1979,84
375,Ashley,Hayes,3,2,2,44937,17-07-1968,40
376,Aaron,Baker,3,1,5,76023,05-02-1974,43
377,Dana,Anderson,3,3,4,87736,06-06-1963,74
378,Sheila,Jacobs,1,3,3,59182,14-12-1985,76
379,Stacey,James,3,1,3,44790,29-12-1968,93
380,Thomas,Bush,3,2,5,72351,06-04-1995,84
381,William,Oconnor,2,2,1,86385,01-10-1991,31
382,Jamie,Peterson,3,1,4,83538,27-09-1969,79
383,Mitchell,Daniel,3,2,1,52804,17-10-1962,87
384,Kevin,Brown,3,1,5,79485,02-05-1991,75
385,Tonya,Lopez,1,4,2,76410,13-11-1999,93
386,Brian,Mason,1,3,2,40675,17-07-1991,26
387,Doris,Morris,3,3,2,49173,02-07-2000,60
388,Brandon,Long,1,2,4,45092,22-01-1968,79
389,Tiffany,Blair,3,3,1,79031,30-08-1968,19
390,Brian,Henderson,1,4,1,70525,23-05-1992,19
391,Megan,Mclean,1,4,2,72871,16-02-1978,23
392,Andrea,Anderson,3,1,5,68915,06-10-1995,30
393,Katherine,Nelson,1,1,4,57395,21-09-1996,19
394,Brandon,Mcconnell,3,2,5,65679,05-05-1993,22
395,Charles,Dunn,3,2,3,61169,23-01-1970,35
396,Lauren,Hancock,2,4,5,77249,21-07-1978,98
397,Richard,Thompson,2,4,3,81075,15-02-1988,75
398,Charles,Hester,1,1,2,61770,05-10-1980,75
399,Michael,Martinez,2,4,4,45562,09-04-1978,60
400,Jason,Adkins,3,2,1,85576,09-08-1965,22
401,Peter,Lang,4,3,1,40592,04-04-1962,100
402,Gary,Hansen,3,1,3,83359,24-07-1977,57
403,William,Obrien,1,4,1,47741,29-12-1972,34
404,Diamond,Zimmerman,4,1,1,66578,30-07-1976,31
405,Elizabeth,Williams,3,1,5,74263,30-05-1998,38
406,Donna,Hernandez,4,2,5,65712,09-04-1984,10
407,Christine,Butler,2,2,4,63724,23-12-1988,78
408,Jeffery,Ward,3,3,4,85839,28-02-1987,17
409,Suzanne,Gutierrez,4,4,5,48298,03-11-1994,57
410,Brett,Chavez,2,2,1,84740,27-05-1985,83
411,Jennifer,Holmes,2,3,1,56982,19-03-1992,17
412,Albert,James,2,4,3,75776,31-07-1983,98
413,Chase,Dickson,2,1,5,68978,22-11-1978,96
414,Lauren,Fitzgerald,1,1,5,72669,27-10-1979,92
415,John,Luna,4,3,3,76133,02-09-1962,73
416,Samuel,Salazar,4,4,3,44713,08-01-1981,53
417,Anna,Gordon,2,1,2,45225,28-06-1974,18
418,Mark,Frazier,3,1,1,85964,10-03-1993,39
419,Thomas,Clark,1,2,5,69912,22-06-1965,65
420,Marilyn,Ortega,3,2,5,58874,10-03-1975,82
421,Marilyn,Perez,2,1,3,71269,09-06-1968,67
422,Cathy,Ramos,4,1,5,57036,10-05-1973,50
423,Jared,Reilly,2,1,3,89998,30-12-1982,21
424,Nancy,Hartman,1,3,3,73906,08-01-1992,64
425,Edward,Jensen,2,2,4,71163,09-08-1972,71
426,Erin,Oliver,2,4,1,62133,28-01-1989,88
427,April,Webster,4,1,1,79273,22-10-1981,53
428,Todd,Rios,2,4,2,86576,25-04-1962,67
429,Jeffrey,Sanders,3,1,2,74130,21-05-1961,11
430,Aaron,Wolfe,1,4,4,76685,09-05-1981,71
431,Michelle,Jensen,2,3,4,56462,29-01-1999,85
432,Justin,Fowler,4,2,5,55524,24-03-1996,64
433,Judith,Herrera,1,4,3,67137,03-07-1962,33
434,Tammy,Garza,3,3,2,74926,05-02-1971,77
435,Brandon,Wallace,2,3,3,67999,24-07-1968,67
436,Beth,Gutierrez,1,4,5,69309,16-05-1984,14
437,Donald,Glover,3,4,5,59648,19-01-1985,70
438,Michael,Melton,2,3,5,82654,06-08-1962,76
439,Charles,Young,4,2,1,53652,13-09-1963,84
440,Dawn,Faulkner,3,4,2,85812,12-11-1975,48
441,Sharon,Wade,4,4,3,70030,20-09-1965,82
442,Donald,Hicks,3,2,4,48835,17-02-1991,73
443,Jessica,Morales,1,2,5,70751,18-03-1968,38
444,Jay,Harris,3,1,4,43974,29-07-1989,79
445,Donna,Avery,4,4,3,74005,15-09-1997,100
446,Mark,Hernandez,4,3,2,79375,06-01-1994,31
447,Valerie,Ruiz,3,2,5,63023,12-09-1978,39
448,Rhonda,Cohen,4,1,1,87338,29-06-1998,33
449,Marissa,Welch,3,1,5,76354,05-10-1979,18
450,David,Brown,4,2,4,79378,17-02-1963,17
451,Benjamin,Oneill,1,1,2,69359,07-01-1969,48
452,Sonya,Jacobs,4,3,1,67904,06-09-1995,81
453,Timothy,Lee,4,3,4,41527,09-05-1989,51
454,Anna,Anderson,4,4,4,62307,13-04-1979,69
455,Heather,Jones,4,2,4,86147,28-06-1987,84
456,Richard,Rios,1,3,1,72035,02-09-2000,30
457,Stacey,Gallegos,4,3,1,45148,11-06-1997,29
458,Matthew,Bennett,2,1,5,84094,06-12-1986,61
459,John,Flores,2,2,5,50075,13-08-1963,42
460,Samantha,Durham,3,2,1,81161,03-09-1980,80
461,Jaclyn,Gillespie,1,4,3,83645,24-08-1966,41
462,Michelle,Hartman,3,1,1,75302,25-01-1975,24
463,Daniel,White,1,1,4,47285,16-06-1980,87
464,Tyler,Bartlett,1,1,3,54751,13-01-1988,19
465,Christine,Mccarthy,3,4,3,45838,07-11-1974,45
466,Kim,Pierce,1,3,1,51062,25-06-1992,48
467,Maria,Moore,1,3,3,62473,05-12-1980,64
468,Maria,Curtis,1,1,2,85232,10-08-1968,93
469,Leslie,Hudson,2,1,2,63281,05-05-2001,97
470,James,Owens,2,3,4,66179,24-12-2000,94
471,Lindsay,Calderon,1,2,3,78507,09-06-1984,17
472,Stephen,Sanders,1,2,3,74499,05-11-1990,23
473,Brandon,Baxter,4,3,4,86515,02-02-2001,31
474,Jose,Deleon,2,4,2,87181,28-10-1986,42
475,Todd,Short,3,4,1,63206,29-02-1980,63
476,Jaime,Weiss,2,4,5,40935,05-08-1970,65
477,Sandra,Browning,4,2,4,69747,30-06-1968,65
478,Brandy,Rice,4,1,4,40603,17-06-1966,57
479,Denise,Martin,3,4,3,87845,10-05-1999,57
480,Zachary,Richardson,3,4,2,66927,16-01-1971,53
481,Brooke,Wood,3,2,5,68130,12-02-1974,67
482,Eric,Barrett,2,4,5,58958,13-08-1976,50
483,Kenneth,Johnson,1,2,2,46179,08-10-1970,85
484,Randy,Hawkins,4,1,3,64947,20-12-1962,87
485,Christopher,Munoz,2,4,2,63911,20-05-1972,25
486,Kenneth,Thomas,3,1,2,47553,23-10-1987,37
487,Craig,Johnson,2,2,1,80111,26-03-1966,11
488,Claire,Juarez,3,1,4,63059,14-03-1991,55
489,Brenda,Davis,4,2,4,82113,08-08-1994,24
490,Scott,Mccoy,1,1,5,73288,08-01-1966,25
491,Mark,Levy,1,1,3,48636,09-02-1967,11
492,Erin,Higgins,2,1,4,51614,29-08-1980,61
493,Allen,Heath,2,2,2,89550,20-06-1965,38
494,Lisa,Morrison,1,4,2,55904,17-08-1964,53
495,Shane,Lopez,1,3,1,48464,05-03-1985,14
496,Jeffrey,Brock,4,2,2,89387,22-05-1990,83
497,Jason,White,2,3,5,44261,24-01-1997,87
498,Carlos,Scott,4,2,5,42652,20-09-1996,53
499,Jessica,Jones,4,2,3,79212,19-09-1966,39
500,Kimberly,Bryant,4,1,5,75930,08-03-1965,11
501,Erin,Pham,4,4,2,67437,08-06-1991,37
502,Rebecca,Gutierrez,1,2,3,66835,09-12-1991,80
503,Jeffery,Jones,1,3,2,81760,24-09-1972,84
504,Joshua,Anderson,3,1,1,65050,08-06-1991,42
505,Beverly,Fitzgerald,1,4,4,60403,20-10-1960,19
506,Pamela,Green,4,2,2,42083,20-04-1961,100
507,Anne,Anderson,4,2,4,66461,23-04-1984,81
508,Matthew,Schultz,2,2,3,68733,15-10-1994,92
509,Thomas,Maldonado,4,1,4,43903,27-01-1988,81
510,Stacey,Ross,2,2,4,69980,01-08-1983,91
511,Jennifer,Briggs,2,3,3,89699,23-09-1968,16
512,Amber,Gilbert,3,3,4,52025,07-09-1984,65
513,Troy,Kennedy,4,2,3,56196,11-04-1993,22
514,Raymond,Smith,2,2,1,66826,12-08-1974,75
515,Jeanette,Moore,1,3,4,70500,20-08-1997,94
516,Ashlee,Scott,2,1,2,66898,25-03-1961,15
517,Kayla,Greer,4,3,2,52191,07-01-1987,53
518,Alexis,Robinson,2,1,2,45216,17-08-1998,42
519,Sharon,Higgins,2,3,3,52322,27-02-1999,16
520,Jason,Coleman,1,2,2,62671,17-10-1967,49
521,Patrick,Johnson,2,4,4,59757,25-03-1983,16
522,Stephen,Rogers,3,2,3,48825,12-07-1984,39
523,James,Macdonald,4,1,3,42565,21-01-1986,11
524,Richard,Martin,3,2,1,73000,14-11-1998,29
525,Jamie,Thompson,1,2,3,50027,30-12-1977,45
526,Trevor,Pham,3,3,4,43121,19-06-1964,38
527,Luis,Webb,3,3,1,70604,18-08-1995,35
528,Shane,Page,3,1,4,87700,06-07-1969,99
529,Charles,Smith,3,2,2,76641,03-04-1963,25
530,Steven,Garner,2,4,4,87190,05-02-2000,68
531,Kayla,Thomas,3,3,5,45021,03-04-1983,24
532,Melissa,Collier,3,2,3,67360,19-10-1993,43
533,Richard,Vargas,1,2,1,41885,05-10-1982,58
534,Michael,Walters,2,3,3,88039,13-04-1977,61
535,Scott,Stephenson,2,1,3,59222,21-01-1991,83
536,Benjamin,Hunter,4,3,4,70324,09-01-1989,67
537,Justin,Hudson,2,4,3,83140,16-01-1972,59
538,Daniel,Ramos,3,3,3,47655,08-05-1981,30
539,Katie,Blankenship,2,3,2,78647,04-12-1979,14
540,John,Snyder,3,4,4,72662,28-03-1997,17
541,Richard,Ferrell,4,3,1,86754,11-08-1989,29
542,Gregory,Ryan,1,2,1,48404,11-05-1964,64
543,Albert,Gibson,2,4,2,60392,02-07-1962,42
544,Scott,Mcfarland,4,1,5,57136,05-12-1982,79
545,Suzanne,Gamble,4,2,2,66863,17-08-1994,25
546,Diana,Ross,2,1,1,55214,21-06-1973,68
547,Samantha,Adams,4,1,3,57100,23-05-1979,33
548,Jimmy,Newman,3,2,4,57834,24-03-2001,19
549,Emily,Cox,1,2,2,54592,24-03-1992,30
550,Hannah,Valdez,3,3,4,43122,08-10-1993,46
551,Connie,Duncan,2,2,2,81771,29-09-1992,19
552,Daniel,Burgess,3,2,3,69322,19-09-1989,12
553,Alex,Oconnor,4,2,4,45055,20-10-1978,30
554,Paul,Wright,3,3,3,66796,28-12-1979,67
555,Robert,Keith,3,2,5,60090,12-09-1999,62
556,Jeffrey,Kelley,3,3,3,41842,02-10-1989,38
557,Ronald,Moore,4,1,4,50041,07-06-1964,44
558,Michael,Brennan,2,3,3,48538,04-12-1961,31
559,Erin,Hernandez,1,3,2,74662,31-08-1994,78
560,Theresa,Jenkins,2,4,5,74475,24-02-1963,52
561,Jason,Roberson,2,1,1,41021,18-05-1971,74
562,Nicole,Fox,4,4,2,84123,16-03-1969,86
563,Paul,Yang,2,4,5,82876,27-11-1985,58
564,Lisa,Olson,4,1,1,54752,27-12-1963,34
565,James,Patton,3,3,1,43083,25-09-1987,72
566,Thomas,Rosales,2,4,4,48620,09-07-1988,65
567,Jessica,Miles,4,2,4,86886,21-08-1997,26
568,Michelle,Barry,3,4,1,79471,02-07-1972,98
569,Steven,Chambers,3,4,2,46173,10-06-1992,35
570,Judy,Smith,1,2,3,84681,29-03-2000,63
571,Dylan,Evans,3,4,1,71866,27-12-1989,94
572,Adam,Crawford,1,1,1,68871,01-05-1989,26
573,Tamara,Stephens,1,1,2,44740,02-04-1991,94
574,Ashley,Campbell,3,2,5,68356,09-02-1994,53
575,Tony,Hurst,3,3,1,73123,13-05-1966,30
576,Leah,Fuller,4,1,5,75522,20-03-1974,33
577,Brian,Herrera,3,2,1,59991,06-04-1964,73
578,Allison,Adams,2,1,3,50910,03-06-1970,51
579,Christina,Parrish,4,4,1,86047,16-04-1973,80
580,Anthony,Martin,3,3,1,77189,29-12-1994,66
581,Stanley,Macias,1,1,1,84907,22-12-1988,91
582,Catherine,Ochoa,4,2,2,46834,02-06-1971,56
583,James,Taylor,2,1,5,57944,18-01-1972,97
584,Colleen,Brooks,1,2,3,59063,27-08-1990,74
585,Tammie,Bailey,2,1,2,80610,05-09-1998,86
586,Melinda,Mckee,4,4,5,76156,07-07-1989,92
587,Amy,Howard,1,2,4,47981,18-02-1962,55
588,Jacob,Taylor,2,2,2,44941,31-05-1981,36
589,Ricky,Rodgers,4,4,2,56921,24-01-1988,38
590,Ashley,Haley,2,1,3,84504,09-11-2000,80
591,Erin,Macias,3,4,3,43523,21-05-1998,92
592,Joshua,Manning,2,4,1,52901,20-11-1969,65
593,Tamara,Kim,3,1,5,88864,06-03-1963,77
594,Lori,Harris,3,3,2,40132,27-09-1970,64
595,Amy,Baker,2,4,1,73650,05-06-1975,34
596,Christina,Mcmahon,4,3,2,62666,18-06-1964,56
597,Laura,Chaney,4,1,2,72052,20-01-1984,36
598,Kevin,Graham,3,2,1,46042,14-12-1994,77
599,Stacey,Wood,4,3,4,59653,24-01-1986,85
600,Kelly,Guzman,1,3,1,72536,21-11-1967,54
601,Christine,Lopez,1,4,5,84828,25-01-1964,69
602,David,Vance,3,2,5,73692,06-03-1983,94
603,Michele,Taylor,3,1,3,45734,11-12-1967,16
604,Erin,Smith,4,2,2,58333,15-03-1971,61
605,Sheri,Smith,2,3,2,67597,18-05-1994,66
606,Hannah,Herrera,4,1,1,79156,27-11-1979,97
607,Ashley,Lane,2,3,3,52913,24-03-1966,26
608,Shannon,Love,2,3,2,44013,18-02-1989,84
609,Steven,Sanders,1,1,2,41479,06-09-1965,27
610,Karen,Johnson,3,2,4,87696,19-02-1967,22
611,Katherine,Gomez,2,4,1,80553,17-04-1988,49
612,Elizabeth,Kirby,2,2,3,61618,07-07-1963,76
613,Adrienne,Acevedo,1,4,3,42888,16-01-1961,85
614,Tracey,Sanders,4,1,3,66712,23-09-1978,82
615,Frank,Waters,1,3,5,86311,12-08-1989,93
616,Lance,Singh,4,2,1,53303,08-09-1986,43
617,Laura,Hernandez,2,2,4,41402,01-02-1982,34
618,Nicole,Singh,3,1,2,72438,28-07-1975,100
619,Steven,Larson,3,2,3,67291,07-01-1968,54
620,Rachel,Hobbs,4,4,1,60893,27-08-1986,25
621,Patrick,Montgomery,1,4,5,76792,15-03-1964,80
622,Laura,Gillespie,3,2,3,60809,16-05-1966,94
623,Jerry,Lawson,4,1,2,82784,29-04-1990,64
624,Joseph,Taylor,2,1,2,87286,16-03-1975,52
625,Tyler,Freeman,1,4,1,52808,08-03-1994,23
626,Michael,Moses,4,1,5,76088,07-07-1990,38
627,Jeremy,West,1,2,5,58226,09-04-1980,90
628,Jonathan,Flores,3,1,2,70194,20-07-1990,77
629,Becky,Ortega,1,1,3,50658,18-09-1965,14
630,Matthew,Bonilla,2,1,1,71384,25-11-1995,76
631,Amy,Howell,4,1,4,63932,11-09-1997,32
632,Jennifer,Mcgee,1,1,5,65519,05-01-1986,96
633,Taylor,Davis,2,4,1,55914,11-07-1964,50
634,Janet,Campbell,1,1,2,84750,23-07-2000,30
635,Judith,Burnett,4,1,1,80088,16-07-1970,14
636,Billy,Garcia,2,3,4,53118,09-01-1971,54
637,Robert,Montoya,1,3,1,60339,14-02-1987,13
638,Ricardo,Jackson,2,1,1,61625,14-08-1991,27
639,Julia,Small,2,4,1,63934,16-12-1993,93
640,Kathryn,Rogers,3,3,2,66190,01-03-1968,66
641,Michael,Benson,4,1,3,46630,10-02-1981,84
642,Jessica,Myers,1,3,4,67509,03-08-1981,69
643,Michelle,Romero,1,3,4,58510,10-07-1963,57
644,John,Bell,3,3,4,51728,20-11-1990,15
645,Barbara,Sosa,3,1,5,88234,25-03-1965,94
646,Spencer,Harvey,1,4,4,51045,10-01-1966,80
647,James,Saunders,1,4,2,84268,27-10-1968,42
648,Michael,Murphy,1,2,5,80351,07-06-1975,34
649,Jerry,Brown,3,3,5,46937,16-09-1976,20
650,Cynthia,Huff,3,4,2,86420,14-03-1966,55
651,Kimberly,Cook,4,4,1,84643,15-07-1977,35
652,Paul,Lane,4,1,4,46075,22-07-1980,87
653,Eric,Diaz,3,3,4,46188,23-04-1975,81
654,Debra,Cox,3,1,3,79284,30-05-1979,23
655,Carlos,Crawford,3,3,4,88614,01-02-1983,58
656,Tracy,Holmes,4,1,2,46001,17-10-1984,17
657,Jesse,Graves,4,1,2,86027,09-09-1991,28
658,David,Miller,1,1,4,47012,09-05-1963,59
659,John,Harris,3,3,5,55713,03-02-1985,89
660,Lisa,Peterson,2,2,4,56819,07-03-1997,84
661,Sara,Novak,3,4,1,62236,14-12-1969,94
662,Edward,Rodriguez,4,3,5,48428,23-09-1998,76
663,Stephanie,Rodriguez,4,3,1,59899,10-08-1997,26
664,Heather,Thomas,1,4,1,51799,31-10-1965,14
665,Victoria,Young,1,2,4,77025,25-11-1966,42
666,Michael,Garcia,4,3,4,84838,26-02-1985,75
667,Cody,Smith,2,2,2,82709,29-08-1982,14
668,Karen,Richardson,3,2,5,64128,14-12-1966,63
669,Jordan,White,1,2,4,88781,31-01-1961,52
670,Michael,Sanders,4,3,3,79779,04-04-1967,30
671,Beth,Williams,4,1,1,62931,02-04-1993,49
672,Lisa,Henry,2,2,3,66297,19-05-1979,35
673,Felicia,Huff,4,4,1,70920,02-09-1986,14
674,Jessica,James,1,2,1,49606,01-09-1975,85
675,Bonnie,Rosales,1,4,1,81308,22-05-1972,95
676,Emily,Hampton,1,3,3,71829,16-09-1979,57
677,Christopher,Scott,4,2,5,84113,09-08-1974,92
678,Henry,Mcintyre,1,2,1,41151,28-01-1998,30
679,Virginia,Smith,4,2,3,58065,01-02-1978,31
680,Katherine,Henderson,1,2,3,85365,16-05-1986,69
681,David,Murphy,4,4,1,75251,13-02-1981,79
682,Linda,Kline,1,1,3,88308,01-05-1999,59
683,Joanna,Thompson,3,4,3,83121,15-07-1979,93
684,Alyssa,James,3,4,1,84010,15-11-1976,14
685,Elizabeth,Mcneil,3,3,1,69345,28-09-1992,14
686,Thomas,Davis,4,4,4,44740,28-11-1974,87
687,Christopher,Leonard,1,4,1,56067,08-01-1988,17
688,Cody,Andrade,3,3,1,52435,19-02-1993,72
689,Anna,Smith,2,3,1,69102,11-06-1970,94
690,Daniel,Ray,4,1,3,49400,31-08-1984,37
691,Kevin,Turner,4,4,1,40497,19-12-1987,52
692,Stephen,Jackson,2,3,1,55764,05-12-1969,41
693,Colin,Bailey,3,3,2,72366,04-12-1996,23
694,Michael,Manning,1,2,1,55435,07-10-1963,81
695,David,Ross,4,1,2,73975,22-06-1986,98
696,Blake,Hernandez,1,2,5,70349,06-04-1968,43
697,Andrea,Pratt,2,4,2,78592,14-05-1973,86
698,Amy,Horton,4,2,4,80651,31-01-1962,45
699,Margaret,Browning,1,2,1,64504,14-02-1962,47
700,Diana,Carlson,4,2,4,49706,11-07-1977,29
701,Lindsay,Ramirez,1,3,4,63605,13-01-1992,99
702,Shelby,Greene,2,4,5,51005,16-03-1977,55
703,Anthony,Manning,4,3,2,71357,26-04-1971,47
704,Gregory,White,3,2,3,86614,12-05-1986,98
705,Jonathan,Cruz,3,2,4,44614,18-03-1985,60
706,Jorge,Vega,4,4,1,50819,13-05-1966,97
707,Christopher,Haynes,3,1,5,88916,07-06-1963,54
708,John,Carter,3,4,3,76213,10-12-1964,97
709,Jimmy,Duran,3,1,4,70254,13-09-1963,51
710,Robert,Page,2,2,5,68002,04-05-1986,92
711,Eric,Frazier,1,3,5,44073,13-09-1977,78
712,Shawn,Poole,3,3,1,80141,14-09-1983,22
713,Joseph,Levine,3,4,5,86772,27-01-1977,69
714,Julie,Levy,4,4,1,55130,11-10-1983,29
715,Daniel,Miller,1,4,1,48530,27-08-1987,45
716,William,Nunez,2,4,5,78801,30-05-1991,31
717,Laura,Fisher,4,3,5,59139,20-07-1965,15
718,Mark,Tran,4,4,5,49327,03-01-1967,88
719,Richard,Oneal,2,3,3,40610,07-12-1965,21
720,Wayne,Griffin,4,3,3,71641,07-09-1989,17
721,Rachel,Jackson,2,2,3,40392,17-01-1984,52
722,Larry,Miller,3,2,3,68240,14-12-1979,40
723,Jennifer,Martinez,1,3,3,46809,13-08-1961,76
724,Brian,Liu,1,4,1,75764,28-01-1970,30
725,James,Sanders,1,2,3,62913,11-12-1968,86
726,Jose,Walters,4,3,2,60112,13-11-1982,95
727,Luke,Wallace,4,2,2,55320,24-02-1961,22
728,Bruce,Reyes,1,1,1,78722,26-01-1993,53
729,James,Bennett,4,1,5,47091,13-01-1995,100
730,Mark,Chambers,4,2,5,43909,01-10-1983,28
731,Erik,King,1,1,2,54799,09-11-1988,50
732,Cheyenne,Ryan,3,2,4,88247,03-08-1989,39
733,Steve,Livingston,1,3,4,86773,25-02-1961,34
734,Aaron,Rivera,4,2,2,50688,18-11-1978,24
735,Kevin,Lamb,4,4,2,89700,16-12-1965,52
736,Peter,Watkins,2,4,2,86854,08-06-1978,92
737,Colin,Fritz,3,1,3,85062,13-08-1973,84
738,Paul,Banks,4,4,5,82344,27-06-1995,37
739,Megan,Hill,4,1,1,53685,07-08-1999,12
740,James,Fields,3,1,5,79749,09-01-1976,64
741,Christian,Smith,1,3,1,68596,18-03-1981,97
742,Carmen,Khan,3,4,1,61817,14-07-1963,51
743,Tonya,Hernandez,3,2,2,84078,01-12-1969,66
744,Amber,Smith,1,2,3,63711,15-10-1993,50
745,Tom,Brooks,4,4,1,75703,05-03-2000,31
746,Samuel,Parker,4,1,2,47759,11-05-1990,80
747,Roberto,Richardson,4,2,3,47805,10-07-1973,91
748,Laura,Benitez,3,4,4,75724,12-02-1965,24
749,Nathan,Sanford,4,4,1,89060,10-03-1966,69
750,Timothy,Morales,1,1,3,89537,14-02-1979,56
751,Keith,Black,3,3,2,58649,18-05-1969,86
752,Briana,Figueroa,2,2,4,84788,10-11-1994,84
753,Natalie,Lynch,2,2,4,46488,17-12-1982,15
754,Tiffany,Smith,1,1,4,43496,24-03-1963,28
755,Kevin,Wheeler,4,4,4,68180,02-03-1985,57
756,Jacqueline,Sanchez,2,3,2,44791,16-08-1970,40
757,Nicole,Wiggins,3,1,1,78901,30-01-1988,79
758,Travis,Meyer,1,4,5,82809,16-01-1975,69
759,Paul,Lowe,1,4,3,70803,05-04-1991,23
760,Kimberly,Roth,2,1,3,69353,30-09-1961,39
761,Jason,Bennett,2,4,2,66286,12-12-1994,52
762,Jennifer,Forbes,2,3,5,86981,22-01-1983,75
763,Ashley,Garza,1,3,3,44061,14-05-1976,81
764,David,Leach,1,2,3,73183,01-06-1965,57
765,Jeanette,Harrington,3,4,1,40551,22-09-1994,94
766,Melissa,Hogan,2,4,2,68103,08-02-1972,42
767,Molly,Rodriguez,1,3,2,64462,21-09-1991,37
768,Tamara,Watson,1,4,4,53297,13-05-1977,64
769,Brittany,Burton,1,1,3,41358,29-07-1967,16
770,Erica,Lawrence,1,4,2,67764,02-08-1962,55
771,Alyssa,Abbott,2,3,5,64773,19-02-1965,40
772,Kimberly,Allen,3,2,4,52478,11-10-1978,30
773,Tiffany,Solomon,2,3,2,71457,21-04-1969,99
774,Thomas,Robbins,4,2,5,86865,04-07-1976,30
775,Carla,Alexander,2,1,2,82127,18-04-1979,38
776,Pam,Jarvis,3,3,3,57076,19-02-1982,81
777,Andrew,Pierce,3,2,1,83521,02-12-1962,43
778,John,Thompson,4,1,2,87200,16-06-1978,34
779,Robert,Mclaughlin,4,4,1,41697,30-01-1995,26
780,Connie,Chapman,4,3,3,53732,11-10-1999,41
781,Rose,Garcia,1,3,1,59107,02-07-2001,86
782,Cynthia,Moore,3,3,1,82211,24-07-1982,40
783,Brittany,Lee,4,2,4,64762,27-09-1961,48
784,Patricia,Garcia,2,1,2,80000,26-06-1976,41
785,Mary,Dalton,2,4,1,55615,15-09-1984,90
786,David,Young,1,1,1,41724,25-01-1978,59
787,Tammy,Bernard,1,3,3,64023,23-08-1990,51
788,Tammy,Chang,2,2,3,60466,28-07-1962,68
789,Amanda,Todd,2,4,2,85951,13-12-1981,73
790,Cody,Smith,4,4,2,87884,15-08-1995,74
791,Pamela,Mcneil,3,3,5,60138,27-05-2001,43
792,Daniel,Houston,2,1,5,48606,31-05-1974,83
793,Michael,Holmes,4,3,1,43574,16-12-1974,30
794,Eileen,Molina,4,3,2,65331,20-10-1987,46
795,Michael,Dunlap,2,2,3,55127,09-10-1989,82
796,Andrea,Patrick,4,1,5,78438,26-05-1982,34
797,Shawn,Delgado,3,3,2,50680,30-09-1996,14
798,Oscar,Mason,2,3,3,78491,23-02-1983,28
799,Charles,Kaufman,1,2,2,42984,24-02-1963,44
800,Brian,Schwartz,3,4,3,54988,14-04-1966,18
801,Jessica,Ruiz,2,4,5,54017,17-07-1965,91
802,Victoria,Murphy,4,2,1,49242,14-07-1997,54
803,Tiffany,Ferguson,3,4,3,72724,12-01-1998,45
804,Lisa,Evans,4,2,1,67739,30-06-1963,43
805,Matthew,Lopez,4,1,4,53588,08-03-1980,75
806,Rodney,Gilbert,3,3,1,52693,06-01-1965,16
807,Cindy,Clarke,2,4,5,64665,28-04-1982,13
808,Patricia,Hooper,3,3,4,54028,05-06-1991,97
809,Francisco,Henderson,4,1,2,88620,21-04-1972,42
810,Susan,Davis,2,2,1,53114,24-08-2001,24
811,Russell,Stevenson,4,1,2,71074,22-10-1963,72
812,Terri,Wilkinson,1,3,2,57880,01-01-1988,86
813,Kenneth,Dixon,1,1,1,62010,15-10-1999,43
814,Cory,Mcpherson,4,1,5,64739,01-04-1965,25
815,Jonathon,White,4,3,2,89015,29-05-1962,32
816,Gregory,Austin,3,4,4,83336,26-06-1967,80
817,Michelle,Espinoza,3,2,4,76658,03-05-1982,43
818,Jessica,Davis,4,1,5,85371,15-03-1963,56
819,Robert,Arnold,1,1,5,78028,10-12-1992,76
820,Justin,Ray,4,3,3,60983,11-10-1994,62
821,Rachael,Thornton,4,4,2,42101,21-11-1989,38
822,Lauren,Hayes,2,3,5,64841,10-01-2000,10
823,Lisa,Romero,2,2,2,80636,09-08-1990,91
824,Sandra,Hensley,3,4,5,76690,02-03-1969,32
825,Carrie,Patterson,4,3,1,63508,05-12-1980,26
826,Willie,Castro,3,4,4,74369,11-10-1983,34
827,Brenda,Rocha,4,3,2,57010,08-07-1990,64
828,John,Hurley,4,3,1,44340,04-09-1961,89
829,Kimberly,Erickson,2,1,5,44582,08-09-1995,41
830,Nicholas,Webb,4,3,5,85599,19-04-1979,24
831,Paul,Brady,1,2,5,77871,16-10-1965,55
832,Crystal,Lindsey,2,3,2,40492,03-01-1980,44
833,Kevin,Frazier,2,3,1,61645,02-09-2000,88
834,Sean,Hardin,1,4,4,42278,09-02-1996,51
835,Kyle,Campos,2,4,3,71716,19-01-1997,68
836,Zachary,Johnson,2,3,1,65962,20-01-1994,71
837,Brenda,Tucker,2,2,4,42971,30-04-1967,85
838,Joshua,Harrison,2,3,1,52749,16-04-1999,17
839,Juan,Martinez,4,3,2,89196,03-12-1999,83
840,Tony,Bryan,1,3,5,50428,05-07-1998,24
841,Laura,Greer,1,4,3,66306,28-08-1980,23
842,Isaac,Blackwell,1,4,4,74109,30-10-1978,76
843,Richard,Perry,3,2,3,68858,25-04-1988,38
844,Christopher,Fitzgerald,4,4,3,87686,21-07-1976,41
845,Ian,Robinson,3,1,2,55011,16-01-1993,59
846,Emily,Phillips,3,3,5,58821,09-01-1972,79
847,Troy,Salinas,2,4,1,40359,07-07-1976,38
848,April,Valenzuela,2,3,4,45830,27-06-1973,24
849,Anthony,Stark,3,1,5,81829,15-02-1978,78
850,Gary,Marshall,3,1,1,57587,06-12-1980,95
851,Kathleen,Garner,4,2,4,52393,12-06-1970,97
852,Oscar,Perry,2,2,1,83641,30-12-1963,13
853,Keith,Wagner,4,1,2,86791,10-12-1985,22
854,Shane,Spencer,2,4,4,80768,04-09-1987,97
855,Amy,Hernandez,4,3,1,71572,30-10-1991,71
856,Morgan,Day,4,4,4,66732,23-07-1986,44
857,Mary,Howard,1,1,5,70275,20-07-1975,33
858,Sandra,Williams,1,2,2,46060,13-12-1992,59
859,Michael,Reeves,2,3,3,42419,20-01-1964,63
860,Stacy,Frederick,2,3,1,83341,28-01-1980,32
861,Robert,Harper,4,3,2,41848,25-02-1986,82
862,Cody,Espinoza,4,1,2,58966,11-11-1969,33
863,Matthew,Ford,4,3,5,71684,27-03-1973,41
864,Kendra,Pennington,3,4,4,65538,29-09-1972,35
865,Melissa,Stephens,4,3,3,76268,23-02-1980,43
866,Lisa,Miller,4,1,3,50372,20-04-1974,11
867,Tiffany,Nelson,2,3,1,48782,16-06-1987,41
868,Eric,Pearson,4,2,4,69020,24-03-1995,41
869,Paul,Gray,2,1,5,50454,16-11-1993,100
870,Corey,Lopez,4,3,2,70418,07-07-1977,22
871,Bradley,Johnson,2,2,1,56028,06-12-1966,84
872,Sheila,Solomon,2,3,4,70770,26-09-1962,41
873,Whitney,Cantrell,3,4,4,59144,08-10-1998,48
874,Gary,Schmidt,4,1,3,50010,15-11-1996,13
875,Derrick,Gomez,4,3,2,57482,02-03-1972,25
876,Jessica,Rojas,2,1,3,86969,16-03-1975,98
877,Willie,Allen,1,1,5,54959,10-07-1991,93
878,Sherry,Chapman,2,3,1,64751,21-11-1961,90
879,Juan,Nguyen,3,4,2,85261,10-06-1981,64
880,Dennis,Park,2,4,4,64501,06-04-1966,82
881,Richard,Miller,3,2,2,89882,28-09-1970,49
882,David,Ware,2,4,5,63241,01-08-1975,15
883,Daniel,Cohen,1,1,4,43354,04-12-1988,60
884,Nicole,Cardenas,2,2,2,41548,22-10-1991,87
885,James,Mckenzie,3,1,5,68825,06-10-1997,95
886,Karen,Valdez,4,4,3,66735,25-12-1994,72
887,Angela,Powell,2,1,1,88041,17-02-1973,29
888,Heather,Miller,4,2,1,80967,27-03-2000,85
889,Theresa,Martinez,1,1,4,47635,16-12-1974,20
890,Donna,Hudson,2,2,5,59149,28-08-1973,84
891,Jessica,Lewis,2,2,1,85322,04-10-1999,99
892,Ashley,Johnson,3,2,5,71972,19-03-1999,50
893,Steven,Stanley,2,4,2,49446,02-07-1963,77
894,Ryan,Johnson,4,4,5,87240,16-02-1964,12
895,Joseph,Malone,3,1,3,51516,27-04-1982,65
896,Walter,Stokes,3,2,4,48918,16-07-1973,79
897,Jonathan,Ball,4,4,3,54522,27-02-1973,95
898,Benjamin,Wade,4,1,1,75741,21-01-1964,61
899,Geoffrey,Williams,1,2,5,82320,28-07-1989,45
900,Ellen,Ibarra,3,2,5,46322,25-12-1990,49
901,Valerie,Fitzgerald,3,1,1,73413,17-09-1998,85
902,Molly,Morse,4,4,2,53168,04-07-1965,37
903,Debbie,Nguyen,2,4,1,42318,29-04-1970,90
904,Michelle,Mcdonald,4,1,3,79798,14-11-1978,58
905,Holly,Johnson,4,3,5,83197,26-11-1978,83
906,Michael,Barnes,1,4,3,50519,06-06-1984,73
907,Alice,Gomez,2,1,2,81475,15-05-1992,15
908,Jason,Wong,4,4,1,41911,04-02-1989,98
909,Justin,Bailey,3,4,4,49865,19-08-1969,49
910,Katrina,Ross,4,3,3,87230,14-02-1990,39
911,David,Guerrero,2,3,4,65190,10-03-1967,80
912,David,Santos,4,3,5,75763,02-08-1981,52
913,Nancy,Wade,4,1,4,70859,17-12-1985,74
914,Robert,Stanley,4,4,5,89700,17-03-1974,45
915,Karen,Tran,4,1,2,60607,02-12-1966,87
916,Lisa,Clark,3,3,1,70278,11-08-1966,28
917,Hannah,Wells,2,2,3,61338,05-04-1988,58
918,Monica,Best,4,4,3,52799,25-10-1988,78
919,Sean,Nguyen,2,4,3,51274,28-04-1997,69
920,Lisa,Garcia,2,3,3,84449,24-04-1989,59
921,Julie,Wall,1,3,5,81361,09-04-1996,47
922,Steven,Mitchell,2,4,5,65343,02-10-1994,46
923,Sean,Jones,2,2,1,88865,19-06-1994,45
924,James,Hernandez,2,4,2,70072,07-12-1964,82
925,Catherine,Bush,1,3,5,54797,14-09-1991,26
926,Ashley,Olson,1,4,3,57654,30-08-1972,97
927,Jamie,Dixon,4,2,2,79499,19-09-1986,36
928,Adrian,Atkinson,4,2,1,80491,15-04-1973,19
929,Erin,Clark,2,4,2,71918,13-10-1965,46
930,Kenneth,Williams,2,1,2,88575,18-10-1984,63
931,Douglas,Parsons,2,4,2,55922,03-02-1980,12
932,James,Jordan,3,3,5,76389,16-08-1987,17
933,Kevin,Hamilton,2,1,4,63466,23-09-1982,15
934,Miranda,Ball,4,4,5,73312,09-04-1975,97
935,Lisa,Carney,1,4,4,83446,18-12-1976,68
936,Julie,Griffith,4,4,4,61339,17-04-1967,68
937,Shaun,Butler,2,4,4,44915,14-01-1965,63
938,Brian,Vargas,3,2,5,81793,04-09-1986,37
939,Ann,Torres,2,2,3,82824,18-04-1983,15
940,Anita,Walker,2,2,4,80543,11-12-1968,14
941,Jerry,Taylor,1,2,5,43830,05-12-1974,32
942,Scott,Brewer,1,3,4,83876,05-11-1966,18
943,Richard,Fischer,2,2,5,47823,10-03-1961,18
944,Kristi,Myers,3,1,4,58730,08-10-2001,76
945,Jane,Ward,3,4,3,89284,16-03-1969,42
946,Cory,Flores,2,3,5,88307,16-11-1986,42
947,Melvin,Butler,1,2,4,63837,19-01-1979,37
948,Kristin,Smith,2,3,5,64257,07-11-1985,38
949,Bruce,Martin,1,1,3,40789,19-04-1979,93
950,Amanda,Sutton,3,1,2,44694,26-06-1986,71
951,Vincent,Chambers,2,4,5,45018,27-02-1962,66
952,Amanda,Salazar,2,1,2,64846,03-05-1967,89
953,Morgan,Knight,3,4,2,88534,31-03-1966,23
954,Robert,Williams,1,4,3,57939,27-04-1966,17
955,Lance,Todd,1,2,2,43745,02-01-1993,82
956,Patricia,Carter,2,3,4,42463,11-03-1989,77
957,Diane,Harris,3,4,3,66320,07-07-1982,27
958,Bill,Reynolds,1,1,2,72190,02-07-1961,90
959,Jennifer,Riddle,2,3,3,71490,10-12-1964,64
960,Valerie,Aguilar,3,1,2,75497,16-10-1991,44
961,James,Johnson,1,3,1,87185,09-09-1992,62
962,Timothy,Flores,2,2,2,71446,03-02-1988,96
963,Alan,Pierce,2,3,2,77320,10-12-1963,71
964,Kristen,Bowers,3,2,2,64226,22-10-1998,18
965,Brady,Dixon,1,3,2,68504,04-10-1998,17
966,Ariel,Newman,3,4,5,49136,08-06-1992,77
967,Andrea,Guerra,2,3,4,67765,13-01-1995,14
968,Jessica,Jones,2,4,1,82873,31-07-1983,13
969,Christina,Mcdonald,1,4,3,55200,05-02-1998,38
970,Shelley,Miller,4,2,4,76356,08-05-2001,27
971,Barbara,Gonzalez,1,3,3,82503,16-01-1982,82
972,Ann,Thomas,4,1,4,47178,09-06-1980,96
973,Lisa,Foster,2,2,5,64987,14-02-1978,76
974,Kristin,Lewis,2,3,3,79620,14-02-1981,86
975,Jesus,Burns,2,2,4,57053,11-07-1994,85
976,Evan,Myers,2,3,1,68838,26-05-1977,81
977,Nicole,Gibbs,1,1,1,56360,06-09-1965,44
978,Teresa,Green,4,1,4,59982,13-10-1990,92
979,Kimberly,Rocha,3,2,2,50533,01-12-1960,86
980,Bianca,Williams,4,1,5,73215,17-12-1994,82
981,Terri,Burton,1,3,4,55680,06-05-1971,73
982,Dennis,Villarreal,4,2,1,83138,01-01-1984,11
983,Justin,Lowery,3,3,4,50299,23-11-1960,70
984,Jeffery,Kim,3,1,3,54574,11-05-1964,85
985,Alison,Villanueva,4,4,2,61257,27-05-1975,46
986,Paul,Crane,4,1,4,73832,10-03-1988,62
987,Holly,Gibson,2,4,4,42418,28-03-1992,21
988,Bryan,Odonnell,4,1,3,53306,23-06-1999,16
989,Cassandra,Ross,2,2,4,61362,16-06-1965,100
990,Thomas,Moody,4,4,2,61245,25-11-1991,16
991,Kenneth,Perez,3,4,5,48813,06-11-1996,45
992,Thomas,Hoover,2,3,1,56035,23-10-1993,18
993,Jade,Freeman,3,4,4,52706,17-05-1974,21
994,Anthony,Sanchez,1,3,1,62727,24-06-1981,41
995,Monica,Dean,4,1,4,65273,05-07-1987,43
996,Benjamin,Allen,1,1,4,50379,29-02-1964,53
997,David,Perez,2,2,5,42404,16-12-1994,28
998,Tyler,Fernandez,2,1,1,87083,01-06-1963,14
999,Leah,Gross,1,1,3,72227,11-06-1975,54
1000,Amanda,Anderson,1,3,2,71728,18-03-1964,60
